chr1	chr10	chr11	chr12	chr13	chr14	chr15	chr16	chr17	chr18	chr19	chr2	chr20	chr21	chr22	chr3	chr4	chr5	chr6	chr7	chr8	chr9	chrM	chrX	chrY	GL000008.2	GL000009.2	GL000194.1	GL000195.1	GL000205.2	GL000208.1	GL000213.1	GL000214.1	GL000216.2	GL000218.1	GL000219.1	GL000220.1	GL000221.1	GL000224.1	GL000225.1	GL000226.1	KI270302.1	KI270303.1	KI270304.1	KI270305.1	KI270310.1	KI270311.1	KI270312.1	KI270315.1	KI270316.1	KI270317.1	KI270320.1	KI270322.1	KI270329.1	KI270330.1	KI270333.1	KI270334.1	KI270335.1	KI270336.1	KI270337.1	KI270338.1	KI270340.1	KI270362.1	KI270363.1	KI270364.1	KI270366.1	KI270371.1	KI270372.1	KI270373.1	KI270374.1	KI270375.1	KI270376.1	KI270378.1	KI270379.1	KI270381.1	KI270382.1	KI270383.1	KI270384.1	KI270385.1	KI270386.1	KI270387.1	KI270388.1	KI270389.1	KI270390.1	KI270391.1	KI270392.1	KI270393.1	KI270394.1	KI270395.1	KI270396.1	KI270411.1	KI270412.1	KI270414.1	KI270417.1	KI270418.1	KI270419.1	KI270420.1	KI270422.1	KI270423.1	KI270424.1	KI270425.1	KI270429.1	KI270435.1	KI270438.1	KI270442.1	KI270448.1	KI270465.1	KI270466.1	KI270467.1	KI270468.1	KI270507.1	KI270508.1	KI270509.1	KI270510.1	KI270511.1	KI270512.1	KI270515.1	KI270516.1	KI270517.1	KI270518.1	KI270519.1	KI270521.1	KI270522.1	KI270528.1	KI270529.1	KI270530.1	KI270538.1	KI270539.1	KI270544.1	KI270548.1	KI270579.1	KI270580.1	KI270581.1	KI270582.1	KI270583.1	KI270584.1	KI270587.1	KI270588.1	KI270589.1	KI270590.1	KI270591.1	KI270593.1	KI270706.1	KI270707.1	KI270708.1	KI270709.1	KI270710.1	KI270711.1	KI270712.1	KI270713.1	KI270714.1	KI270715.1	KI270716.1	KI270717.1	KI270718.1	KI270719.1	KI270720.1	KI270721.1	KI270722.1	KI270723.1	KI270724.1	KI270725.1	KI270726.1	KI270727.1	KI270728.1	KI270729.1	KI270730.1	KI270731.1	KI270732.1	KI270733.1	KI270734.1	KI270735.1	KI270736.1	KI270737.1	KI270738.1	KI270739.1	KI270740.1	KI270741.1	KI270742.1	KI270743.1	KI270744.1	KI270745.1	KI270746.1	KI270747.1	KI270748.1	KI270749.1	KI270750.1	KI270751.1	KI270752.1	KI270753.1	KI270754.1	KI270755.1	KI270756.1	KI270757.1	total_reads
cfdna_sample_id_1	2974002	1735018	1739010	1730336	1233164	1159234	1059246	1007034	1020444	986526	672412	3126774	834448	441978	452134	2604530	2390742	2313572	2216004	1977170	1866374	1476376	12002	1916940	3086	850	978	1230	1330	3664	656	68	330	1228	1632	1592	486	228	2306	2614	4	2	40	40	0	68	38	0	4	10	6	16	20	0	240	26	0	0	14	42	0	0	10	4	2	6	0	0	0	0	0	0	2	0	0	6	2	0	0	4	2	2	0	0	2	4	6	4	6	0	26	2	8	12	8	2	18	26	6	2	0	66	880	4310	4764	166	28	144	546	56	150	38	82	52	148	148	196	32	116	82	1562	74	42	0	2	0	908	0	24	0	24	38	0	20	32	144	0	122	96	108	148	76	904	144	390	1204	154	298	254	324	144	140	230	22	48	826	410	18	1102	304	316	764	12	86	484	1748	214	28	506	3464	106	770	134	240	778	78	0	38	694	1108	1610	42	1422	156	34	948	1302	1438	0	156	164	82	164	650	37010566
cfdna_sample_id_2	553934	321358	324534	308530	184434	204504	200668	217460	228470	164026	168988	532472	173946	76022	111560	430854	352270	378160	362680	344564	316096	268156	1370	313956	668	226	274	222	154	700	160	0	110	108	246	282	130	32	480	730	6	2	36	20	2	16	0	2	0	0	0	4	8	0	34	0	0	0	2	2	0	0	6	2	0	6	0	0	0	0	0	0	0	0	0	4	6	0	0	2	2	2	0	0	4	0	0	4	2	0	10	0	2	8	0	0	2	4	2	0	0	2	178	1000	1032	30	6	6	62	10	26	10	6	6	44	20	28	6	10	10	276	10	4	0	0	0	254	0	2	0	2	6	0	0	4	26	2	14	18	26	18	8	160	44	10	144	2	58	52	116	18	44	50	2	4	132	72	6	120	116	34	54	4	26	58	288	58	4	68	720	10	74	482	46	112	4	0	4	102	216	442	6	74	46	14	60	142	194	0	38	78	20	46	100	6551672
cfdna_sample_id_3	2269182	1331342	1337656	1318892	892826	875320	809468	799878	793068	742814	536878	2346832	664812	329192	353928	1959536	1733692	1735290	1646038	1489606	1416604	1126426	29826	1469668	2338	668	1072	942	820	3378	708	2	232	1744	564	1142	326	136	1646	2588	14	4	32	90	6	46	14	2	6	8	20	36	20	4	150	10	0	2	4	20	0	0	12	2	2	8	0	0	0	0	2	0	0	0	4	8	2	6	4	6	0	2	6	0	4	6	10	0	16	4	18	8	8	34	4	0	16	14	0	0	2	10	976	4136	4408	138	12	80	240	96	170	38	74	68	106	166	164	28	128	58	1580	58	68	0	2	4	1018	0	24	0	14	50	2	12	42	100	316	172	94	142	170	58	742	134	598	1026	160	214	172	152	112	186	244	18	30	688	324	8	1268	354	404	542	2	80	136	1500	152	34	258	962	64	438	1166	148	558	10	0	22	528	584	824	34	582	278	44	570	970	918	0	136	138	48	50	648	28062056
cfdna_sample_id_4	3243172	1921030	1926306	1940108	1436342	1294780	1149118	1050132	1008882	1142480	624532	3553060	881802	495522	427074	2995536	2835114	2678006	2540226	2245424	2161384	1642484	36208	2303622	2984	976	1646	1256	1428	4198	862	78	420	2084	1000	1894	442	168	2088	3308	8	8	34	62	16	18	26	0	0	6	12	22	18	2	170	46	0	0	6	46	0	0	18	4	4	10	2	0	0	0	0	0	2	0	0	12	2	8	2	12	0	0	4	0	6	4	10	2	4	2	30	2	2	36	6	2	16	14	4	4	0	24	1366	4194	5992	202	14	282	892	106	228	52	66	72	150	256	306	44	114	74	1950	70	62	2	8	12	1360	0	16	0	4	42	4	16	36	210	4	202	122	170	192	80	1062	206	908	1264	278	124	346	182	184	98	264	16	62	1022	534	10	2054	436	540	864	170	100	1204	2182	190	48	488	1594	62	880	1630	310	1006	28	0	36	1204	726	1328	70	924	236	64	870	1554	1724	0	200	96	78	140	844	41607336
cfdna_sample_id_5	3123622	1820116	1829904	1858902	1352380	1236382	1104034	1013530	1008010	1065556	639514	3376966	835108	464758	426250	2841220	2679172	2530060	2433426	2133266	2029860	1566394	11764	2076406	2830	1024	892	1024	954	3990	890	104	182	1232	1344	2398	444	192	1950	2182	12	4	28	52	8	60	22	0	8	4	18	42	10	2	76	30	0	0	22	42	0	0	16	8	8	10	0	0	2	0	0	0	4	0	0	16	4	10	4	6	0	6	4	2	12	2	6	0	4	6	38	4	2	52	14	6	16	14	4	2	0	38	1206	10338	5762	204	24	192	486	92	196	48	98	86	180	234	258	38	144	80	2350	94	54	0	8	2	1306	0	8	0	8	42	0	8	28	174	2	158	90	220	132	92	856	196	426	1246	138	200	218	256	76	128	338	22	64	828	400	6	740	384	344	588	20	166	3078	2562	234	62	534	958	92	790	1588	228	844	14	0	58	846	882	2650	22	1046	378	30	932	1108	1648	0	112	114	40	186	828	39532938
cfdna_sample_id_6	4948590	2901246	2925828	2878428	1960362	1916614	1759456	1744510	1735768	1621730	1192384	5119476	1439082	721230	778652	4274946	3819894	3786300	3598398	3273380	3101446	2454074	30114	1591652	171184	1706	2426	2072	1738	7158	1560	30	954	1008	2644	5808	874	300	4724	3294	46	4	74	124	28	92	68	10	18	30	50	102	68	4	290	22	0	0	12	32	0	0	20	12	0	24	0	0	0	0	0	0	0	0	4	6	2	2	2	20	0	6	4	0	10	2	4	6	6	0	56	12	4	72	32	22	42	8	6	8	0	68	2074	9474	9544	336	22	244	834	94	340	92	174	106	270	396	356	54	182	114	3240	122	130	0	4	10	2032	0	20	0	16	62	4	16	46	250	788	340	262	328	382	144	1460	362	26	1698	50	488	314	520	168	300	452	26	68	1388	688	82	2324	692	286	720	176	320	1928	3416	446	120	910	3890	176	1028	2550	454	1666	86	284	206	1006	1922	1960	50	1636	460	20	950	1716	2062	0	272	280	168	330	1242	59859318
cfdna_sample_id_7	5440248	3231132	3252368	3260664	2443864	2180036	1939694	1804296	1730480	1926868	1109976	5966472	1489470	855160	745996	5013398	4816884	4498718	4257634	3790780	3626592	2768852	2074	1875368	194292	1702	1824	1780	2352	7686	1546	146	528	1832	3336	3616	558	296	3664	2024	14	14	74	100	2	78	42	2	8	14	30	36	36	2	346	32	0	0	14	48	0	0	30	16	6	26	2	0	0	0	0	0	6	0	0	14	6	10	14	12	4	10	18	4	10	10	8	2	2	2	92	16	4	64	54	10	44	2	0	2	2	140	2272	7280	9950	356	44	536	1304	168	368	92	164	120	298	306	428	84	256	152	3164	134	148	0	28	8	2316	0	28	0	36	92	6	34	68	290	4	386	268	314	392	140	1784	368	806	2548	312	584	484	410	348	428	496	70	58	1970	868	18	762	562	566	1768	22	274	2372	3668	346	42	1234	1042	114	1610	1260	498	1470	60	158	66	1694	2216	2738	58	2434	478	20	1764	3006	3470	0	380	314	72	152	1406	68337422
cfdna_sample_id_8	3821016	2244936	2248926	2258096	1673286	1516966	1364342	1238426	1248924	1313278	787766	4116370	1041626	583680	545212	3441336	3255006	3067300	2940096	2603606	2469648	1906442	8312	2547836	3696	1462	1606	2042	1274	5060	960	106	490	1394	1606	1284	530	278	2040	1522	6	6	36	76	16	56	24	0	6	6	22	62	34	0	252	36	0	0	14	30	0	0	10	12	12	10	2	0	0	0	0	0	4	0	0	8	4	4	12	8	0	2	2	0	0	0	4	0	12	0	22	8	8	44	4	4	14	22	8	0	2	10	1204	8516	6102	206	18	662	2024	78	236	36	92	72	166	208	228	46	128	76	1994	80	64	2	16	8	1276	0	20	0	28	52	0	16	46	152	4	166	150	178	182	84	1138	224	512	1818	202	352	398	486	58	208	310	40	62	1118	514	16	1938	474	426	642	134	270	1636	2562	324	30	1154	2208	146	1074	1658	386	936	18	0	16	666	1742	2574	84	1358	236	38	1324	1590	1894	0	216	130	84	108	838	48329702
cfdna_sample_id_9	5300094	3136534	3164160	3225920	2451164	2159338	1891956	1651476	1603740	1918094	962648	5895860	1394114	828402	657788	4990344	4847370	4470610	4265738	3716402	3573658	2697844	7706	3765986	4798	1774	3408	1522	2180	6488	1468	20	442	3380	1056	2404	1048	516	2516	6566	16	4	68	62	16	104	36	2	8	10	22	26	12	4	250	46	0	0	14	76	0	0	34	12	4	14	0	0	0	0	0	0	4	0	2	4	2	2	16	2	0	0	4	2	4	4	8	4	2	4	98	2	4	40	18	6	34	4	6	0	0	138	2106	10020	9408	322	38	1098	2634	146	430	64	138	106	336	388	494	62	190	140	4152	150	74	6	14	2	2234	0	26	0	10	56	2	30	62	280	236	296	184	262	260	128	1820	308	1674	2436	680	778	398	536	278	152	644	58	74	1178	872	2	3630	550	808	504	22	416	2214	3326	302	166	1424	6650	170	1538	238	588	1726	100	0	82	1496	130	2508	14	2308	392	58	2150	1852	3258	0	106	184	104	104	1200	68706576
cfdna_sample_id_10	5162364	3047256	3078508	3140472	2430224	2104624	1801458	1603004	1540918	1872760	945164	5782826	1349722	814408	624438	4898300	4815112	4416986	4185138	3657360	3515488	2621236	7850	3762356	5014	1848	2564	2504	2094	6834	1772	138	396	892	3258	6658	696	446	4634	2184	28	8	64	106	18	106	24	2	14	16	18	48	30	2	210	60	0	0	22	80	0	2	36	12	6	32	6	0	0	0	0	0	2	0	2	50	4	18	6	0	4	2	2	10	12	12	2	0	22	10	38	0	10	62	0	0	26	2	0	0	2	28	2354	8598	10906	352	34	612	1608	176	442	74	178	128	274	468	500	68	228	170	5136	140	98	4	18	4	2242	0	28	2	12	100	4	26	92	364	328	316	170	328	288	178	1470	350	94	2430	104	626	484	660	290	380	476	80	74	1646	936	28	3138	504	362	1072	4	230	696	4204	358	98	1998	2002	104	1620	1124	402	1422	262	0	124	1514	2690	3598	58	2374	516	44	2054	2430	3026	0	210	140	100	142	1316	67308292
cfdna_sample_id_11	3445354	2028182	2037472	2051774	1524432	1370948	1226724	1121844	1107814	1202086	706022	3735702	933518	531844	480406	3128712	2986672	2804168	2672434	2361636	2247694	1733148	846	2316398	3604	988	2122	1610	1312	5066	1060	98	808	2410	862	3626	548	250	1990	4238	6	12	50	52	14	32	26	0	6	2	18	36	34	0	170	24	0	0	2	12	0	0	14	6	0	20	2	0	0	2	0	0	0	0	0	8	4	2	2	8	2	0	0	0	0	0	10	2	8	0	46	2	4	32	12	2	22	20	0	0	0	24	1200	7414	5760	224	50	316	1052	130	248	34	70	70	198	196	240	50	110	80	1986	76	60	0	4	0	1324	0	24	0	6	56	0	8	52	154	364	168	126	186	164	74	1240	180	954	1596	376	482	464	274	102	128	292	60	74	1078	506	10	2674	494	666	770	478	334	2968	2220	232	134	780	1446	78	930	1070	338	1214	152	0	90	1080	494	1438	20	1400	242	8	1086	1436	1768	0	168	78	56	100	786	43844490
cfdna_sample_id_12	5406090	3190750	3198274	3270072	2482308	2177118	1914110	1695736	1667966	1923652	1008254	5973332	1430286	851854	688170	5014576	4869280	4497250	4308266	3759244	3605580	2722326	9778	3744994	5546	1668	3144	2194	1820	7528	1492	248	908	2148	2160	2404	854	398	2564	2072	30	0	64	138	8	112	28	2	8	6	22	4	26	4	316	78	0	0	40	146	0	2	34	10	4	24	0	0	0	0	0	0	0	0	2	0	2	0	2	6	2	0	2	4	0	8	6	2	4	0	46	8	4	42	12	0	28	20	0	6	0	120	2482	9108	10618	320	38	1704	4254	164	438	72	206	136	296	398	472	66	294	182	3642	138	114	2	10	12	2796	0	34	0	8	104	4	22	84	406	98	336	274	370	268	170	1634	302	784	2668	362	794	558	450	248	164	430	66	60	2190	882	18	2708	646	556	1956	748	572	4160	3854	450	74	1550	3518	76	1628	1794	766	2242	274	0	22	1358	1372	2338	38	2980	358	48	2178	2922	2986	0	372	180	144	342	1502	69546308
cfdna_sample_id_13	4030412	2370650	2389386	2433526	1857308	1628662	1435506	1259732	1240650	1436548	765330	4446222	1063982	633794	509286	3755260	3642720	3359626	3215220	2808470	2695602	2029882	6156	1438824	136718	1486	1778	1634	1540	5210	1144	194	746	2766	1928	2544	722	302	1990	1962	24	6	40	72	6	76	58	2	6	8	14	60	38	6	202	40	0	0	24	38	0	2	46	6	10	40	0	0	0	0	0	0	0	0	0	10	0	0	2	4	4	2	6	0	2	2	4	2	2	0	32	0	4	20	44	14	26	2	0	14	0	44	1902	8228	5802	244	66	944	2548	110	282	38	142	88	226	210	338	58	186	86	2772	102	84	6	16	0	1644	0	18	0	6	54	2	10	44	218	54	268	206	288	274	94	1262	232	1224	1884	518	340	302	334	120	146	350	56	60	1452	364	16	2308	544	636	1118	588	412	2916	2896	348	124	766	3390	94	1246	1190	426	1602	132	86	62	1054	1588	1058	20	1556	262	58	1470	1860	2090	0	240	86	74	192	1048	50686340
cfdna_sample_id_14	3679566	2164028	2172850	2219954	1688674	1482072	1304512	1161846	1154588	1302074	720498	4044962	971292	589852	480062	3406624	3300892	3060902	2919496	2559034	2442438	1854812	8722	1259924	131718	1128	2552	1736	1678	5074	1022	14	344	802	1084	4500	674	366	3132	3866	36	0	30	40	6	56	6	2	6	8	14	44	44	2	234	18	0	0	8	18	0	0	20	6	4	10	0	0	0	0	0	0	2	0	0	22	2	8	0	4	2	2	4	0	0	0	4	4	10	4	38	4	10	16	18	6	24	10	0	12	6	66	1550	6484	6530	190	18	916	2368	136	278	64	144	96	180	268	280	34	192	98	2230	96	60	0	4	6	1746	0	16	0	10	78	0	22	60	220	42	248	184	228	274	102	1050	236	50	1700	84	276	312	250	186	200	290	54	50	1384	664	16	2210	466	206	1170	20	272	314	2962	328	74	1020	1812	154	1098	1090	402	1240	112	78	106	1066	852	2360	26	1694	246	74	1288	2134	2086	0	264	148	68	208	992	46171148
cfdna_sample_id_15	4253568	2507998	2517208	2576050	1978260	1720716	1502094	1326250	1292022	1531288	774320	4725526	1118794	675086	527814	3974088	3898672	3574092	3402294	2972524	2854454	2152724	5956	1472744	156878	1456	1534	1412	1584	5474	1226	78	682	2664	1226	3198	1170	402	2622	3490	32	0	62	66	8	86	34	0	6	6	16	50	44	0	228	34	0	0	14	46	0	0	24	14	2	26	0	0	0	0	0	0	2	0	2	4	2	4	0	4	0	0	0	0	2	2	4	0	20	0	24	4	0	44	8	2	14	6	2	0	0	72	1768	8542	8080	260	60	690	1814	138	312	38	146	120	270	316	356	64	176	106	2716	84	76	0	6	0	1664	0	16	0	2	68	0	16	56	238	62	286	182	240	262	120	1350	258	1260	2306	508	490	394	252	196	168	344	62	68	1664	618	16	1132	504	628	1292	856	508	3304	2702	356	58	960	4078	100	1242	184	338	1286	96	104	110	1688	1286	2130	8	1678	522	12	1440	2444	2530	0	262	96	86	142	1154	53595278
cfdna_sample_id_16	1412844	834688	839452	858310	654286	574316	500114	447370	435552	507172	270766	1561968	374930	224634	180282	1319182	1279578	1186334	1129396	986212	948238	715090	756	975744	1334	484	542	454	500	2006	404	74	202	466	340	754	346	164	716	1668	2	2	10	6	0	36	4	2	0	2	6	6	18	2	50	14	0	0	4	14	0	0	2	2	0	8	0	0	0	0	0	0	2	0	0	2	0	0	0	2	2	0	0	2	0	0	0	2	2	0	8	2	4	14	4	0	26	2	0	0	2	12	630	3648	2958	88	20	458	958	28	112	20	48	36	106	128	142	14	92	50	1088	32	30	0	4	0	534	0	0	0	14	20	0	4	24	94	0	92	46	86	78	36	472	94	214	658	88	186	76	150	44	38	138	22	16	552	230	2	380	126	122	506	210	118	1034	1060	130	38	282	1838	46	432	954	196	520	60	0	22	328	156	890	14	496	100	0	588	814	920	0	80	46	28	64	392	18255634
cfdna_sample_id_17	3046656	1799354	1805032	1800576	1338490	1213558	1088640	991666	975590	1066386	614704	3305296	837296	468698	431506	2759430	2637582	2475220	2355982	2092004	1996780	1532806	6822	2065140	2668	1036	1572	628	1196	4642	782	122	888	1926	1616	2878	560	288	1828	2508	14	0	40	38	0	54	20	2	4	10	10	0	16	0	128	18	0	0	12	28	0	0	28	8	0	12	0	0	0	0	0	0	0	0	2	12	0	4	2	4	0	2	6	4	0	0	2	0	12	0	24	2	0	22	8	2	18	2	2	0	2	38	1202	3618	6138	146	26	424	1168	86	168	64	110	66	110	180	224	42	110	88	2016	58	54	0	8	0	1062	0	18	0	4	54	2	8	46	168	76	138	94	182	148	78	1000	144	908	1174	326	298	230	288	94	84	280	18	30	1038	476	10	1958	390	484	1082	882	288	2412	1626	234	172	460	1780	112	898	240	302	774	96	0	62	766	1092	924	22	928	238	74	808	1506	1830	0	222	160	50	162	756	38779336
cfdna_sample_id_18	3709044	2194662	2208016	2208996	1634056	1480858	1326316	1231376	1196774	1299620	768368	4017758	1023376	572024	519808	3364026	3217924	3025734	2868096	2558824	2442392	1870456	5262	1260846	133586	1282	2512	1942	1474	5368	962	162	962	2694	1044	3478	614	254	2444	2592	32	4	34	40	4	68	22	0	12	6	16	22	36	6	292	26	0	0	12	24	0	0	8	6	2	12	0	0	0	2	0	0	2	0	0	4	0	0	4	2	2	4	2	2	6	0	6	0	6	0	36	6	0	18	0	2	12	2	0	18	2	54	1324	11902	6462	250	34	606	1548	102	176	42	62	74	126	246	210	32	150	82	2182	86	80	2	22	2	1516	0	18	0	2	56	0	10	40	138	0	174	116	146	202	66	1298	270	1176	1626	356	284	388	588	292	90	350	60	58	1128	546	8	3050	534	730	820	414	542	3260	2494	306	142	816	2460	98	1084	1326	326	1040	130	114	38	1474	924	1612	18	1462	280	30	1348	1524	2158	0	168	122	92	148	774	46235520
cfdna_sample_id_19	3473704	2048698	2058960	2060872	1507114	1381518	1240438	1151910	1137516	1202810	733296	3737400	958880	530152	496152	3128802	2953040	2797520	2665472	2375806	2266316	1741270	2026	1156882	123366	1284	1792	2198	1468	5672	976	166	576	2424	818	1568	776	244	2168	2886	22	4	32	32	2	42	28	0	10	6	8	12	50	0	346	32	0	0	10	14	0	0	8	4	2	18	0	0	0	0	0	0	0	0	0	14	0	2	2	4	0	0	0	8	4	0	16	0	22	0	30	10	0	36	12	4	38	10	0	2	0	48	1284	4502	4316	214	50	276	894	92	204	48	80	66	182	170	214	40	102	64	1410	70	74	0	10	2	1308	0	6	0	2	64	0	14	38	132	500	174	146	198	158	60	1270	192	1036	1318	338	570	326	346	196	86	260	44	38	1124	342	18	1730	506	558	674	468	346	3046	2412	270	90	900	1678	78	920	950	378	1204	38	94	42	882	1210	1358	8	1556	306	62	1228	1282	1862	0	164	102	68	86	840	43007944
cfdna_sample_id_20	3053426	1801882	1810628	1814296	1334116	1215728	1091840	1029766	997122	1067504	640236	3288626	850470	470120	436992	2753424	2603396	2467594	2341306	2088454	1992348	1540978	1460	2065144	3052	1106	1200	1406	1436	4648	866	78	736	2170	872	3682	530	350	2244	3890	14	4	24	40	2	56	22	0	2	2	12	0	2	4	164	12	0	0	0	14	0	0	20	14	0	10	0	0	0	0	0	0	0	0	2	24	0	18	4	4	0	2	4	4	4	6	4	2	8	0	24	16	0	24	12	2	34	6	2	4	0	34	1158	6264	5968	178	40	234	690	78	230	38	66	80	108	200	204	36	116	72	1760	62	52	4	6	6	1272	0	6	0	12	46	0	26	54	160	102	158	100	178	184	102	976	204	918	1378	322	268	216	284	184	92	280	44	60	1070	486	12	1370	166	484	854	144	226	2470	2228	286	116	480	3198	126	850	296	246	1042	88	0	102	744	736	1230	8	1272	206	36	834	1432	1550	0	156	122	80	182	716	38836704
cfdna_sample_id_21	3118864	1828598	1829580	1805874	1284150	1214822	1131502	1061288	1095992	1031442	722038	3264500	889166	472482	492886	2699598	2484844	2401500	2306478	2066850	1958118	1548106	13672	2002840	2646	972	1430	670	1340	4048	786	60	572	2078	1312	3196	564	200	3244	3378	4	6	32	46	6	66	30	0	4	6	6	52	36	6	186	18	0	0	12	32	0	0	16	8	4	22	0	0	0	0	0	0	2	0	2	0	0	6	2	2	0	2	2	0	0	0	4	2	26	0	18	10	0	28	6	0	16	12	0	0	0	34	1092	5426	5438	150	26	228	594	84	198	28	106	64	144	178	206	38	126	64	1610	68	46	0	4	6	1130	2	12	0	10	54	6	24	36	112	200	140	118	118	172	82	1048	166	808	1102	298	178	450	354	184	198	210	10	50	934	386	36	1194	346	494	898	244	314	2558	1992	272	120	556	2022	124	786	1128	294	872	70	0	66	944	778	1718	12	830	328	40	894	1306	1418	0	226	94	44	228	678	38800898
cfdna_sample_id_22	2648202	1555198	1556168	1547674	1103948	1039960	958540	901822	921106	886790	612962	2784028	749666	402270	412738	2315892	2143474	2060690	1972354	1772424	1672604	1317776	43846	850182	88984	850	1076	1396	1072	4048	672	60	334	522	914	2322	688	184	2578	2272	16	2	34	48	12	50	14	6	4	8	22	64	48	0	198	26	0	0	4	14	0	0	18	14	4	8	0	0	0	0	0	0	0	0	0	6	0	8	2	2	0	2	0	2	0	0	4	0	20	2	20	4	2	18	4	2	10	12	2	0	2	12	946	6336	5128	140	24	200	560	66	140	20	86	46	112	172	184	28	78	74	1664	76	62	0	4	4	888	0	26	0	6	50	0	16	50	138	2	140	96	138	144	48	830	186	48	1186	28	294	212	238	164	140	160	4	60	868	410	20	842	276	142	900	206	262	160	1886	252	76	514	3666	114	772	890	216	802	44	52	52	750	848	1322	32	840	252	16	822	1212	1352	0	146	144	30	210	596	32382472
cfdna_sample_id_23	2489370	1464924	1461248	1444344	1036200	975150	894916	845630	869160	828972	567464	2621438	703526	377436	390406	2160644	2004988	1922050	1851074	1658532	1565114	1238842	16318	792954	82534	914	1092	648	962	3274	620	90	768	1668	1204	2376	666	164	2018	3024	12	0	14	36	2	22	20	2	4	4	16	2	0	0	210	28	0	0	4	22	0	0	10	4	0	10	0	0	0	0	0	0	0	0	0	2	2	0	2	0	0	0	2	0	0	4	2	0	0	0	12	0	4	20	8	2	8	20	2	0	0	50	876	6986	4572	130	8	432	1324	58	142	44	64	66	146	160	170	38	114	44	1536	52	48	0	4	4	924	0	12	0	4	24	0	6	26	140	30	154	90	144	118	66	854	168	588	1002	210	330	286	280	108	74	214	36	38	856	340	18	858	164	388	610	166	166	2006	1710	208	76	460	4162	86	636	224	224	816	64	44	36	536	708	1452	18	612	190	22	752	1080	1310	0	114	118	50	144	560	30328212
cfdna_sample_id_24	2028708	1193084	1192462	1185028	861254	797206	721170	680892	689058	685766	448840	2157302	561982	312798	306002	1794262	1679188	1597588	1531186	1368776	1292926	1012816	87346	1327144	2352	624	1222	1090	714	2618	474	106	228	1430	810	2194	364	128	1580	2422	18	4	20	32	2	26	8	0	0	4	8	36	32	0	74	14	0	0	4	10	0	0	12	6	0	12	0	0	0	0	0	0	0	0	0	20	0	6	0	2	2	2	2	2	0	6	4	0	6	2	18	4	6	24	4	0	8	8	2	0	0	22	786	4004	3808	116	4	184	532	46	114	22	52	42	96	142	126	32	94	50	1268	52	34	0	0	2	706	0	8	0	0	52	0	10	18	104	4	114	78	72	118	44	742	130	458	1196	182	204	266	248	46	146	126	4	34	646	302	14	1340	252	368	604	144	66	182	1568	188	72	508	854	76	464	590	246	790	92	0	74	598	512	1380	10	898	138	34	560	1002	1154	0	118	108	36	128	484	25564928
cfdna_sample_id_25	2044390	1192818	1204762	1197238	859620	804286	734432	696500	701814	688874	464784	2164500	574938	311196	312104	1799366	1678792	1600848	1533224	1370744	1295542	1019580	94040	1337718	2572	656	592	1384	1136	3162	484	74	202	1422	976	1850	388	132	1922	950	14	6	38	28	6	38	8	0	0	4	6	18	22	4	118	12	0	0	6	12	0	0	10	2	2	12	0	0	0	0	0	0	4	0	0	8	0	8	2	0	0	0	2	0	2	6	2	0	2	2	28	0	4	16	4	0	8	10	0	0	0	14	854	4216	3982	114	24	216	710	48	122	44	78	32	44	118	142	24	116	68	1050	46	24	0	10	2	814	0	6	0	6	52	0	12	34	146	0	112	86	88	114	52	696	106	558	1050	200	232	278	212	182	98	214	10	18	756	316	14	926	130	314	676	6	176	852	1480	184	38	464	1094	88	400	118	184	656	34	0	34	594	1014	1270	26	666	126	26	412	1030	964	0	154	158	50	96	546	25734032
cfdna_sample_id_26	2990954	1763776	1770836	1786714	1317880	1205660	1073916	995058	989014	1044010	642588	3229720	825728	473668	426768	2711784	2578334	2424368	2313966	2058770	1955596	1512304	464	2017428	2548	1048	1922	968	1162	5068	764	98	472	2390	1122	1558	538	286	1968	4210	10	8	56	42	6	34	10	0	10	10	6	20	12	0	194	20	0	0	4	46	0	0	16	4	0	16	0	0	0	0	0	0	2	0	0	10	2	2	2	2	0	2	0	2	2	0	2	0	6	0	42	2	12	26	26	4	26	4	0	2	0	20	1134	5142	5146	182	28	1034	2384	78	222	28	120	74	148	202	224	42	114	72	1816	50	64	0	2	4	1106	0	18	0	4	52	0	10	42	134	272	148	142	134	154	50	1014	184	860	1374	310	184	464	272	158	144	226	26	48	898	486	16	1930	466	516	690	18	252	2022	2254	252	80	822	1098	128	888	1756	272	748	66	0	50	624	434	2158	26	894	216	8	1040	1234	1732	0	132	84	50	124	684	38187136
cfdna_sample_id_27	629032	372960	371524	368524	262746	246412	227752	218850	213014	214060	140630	662812	178772	94262	95864	555346	511258	493306	470716	422298	402850	316764	146	407926	584	200	184	238	290	1178	160	16	130	264	198	792	128	54	522	1308	4	0	4	10	2	10	2	0	0	2	2	6	6	0	20	6	0	0	2	6	0	0	4	0	0	4	0	0	0	0	0	0	0	0	0	0	0	0	2	0	0	0	4	0	0	0	0	2	4	0	0	2	0	4	6	0	4	0	2	0	0	26	236	1240	1198	30	0	30	92	20	44	10	30	12	30	42	68	8	24	20	402	10	8	0	0	0	258	0	2	0	2	16	0	2	8	48	42	16	16	32	34	16	196	26	108	226	48	88	34	64	16	20	42	4	10	214	90	8	136	66	62	182	58	48	326	404	18	18	134	992	40	138	126	94	244	22	0	14	168	100	484	6	292	50	6	144	268	402	0	24	22	20	42	188	7894794
cfdna_sample_id_28	1714960	1013246	1006138	991418	681430	663766	623260	626114	620466	564892	427686	1770666	506722	254576	285062	1462270	1314846	1300172	1235574	1134132	1068592	852116	294	1082474	1524	472	1060	886	796	3418	434	68	596	1350	300	442	330	120	970	3636	12	2	22	22	4	30	6	0	6	0	14	0	16	2	118	8	0	0	8	12	0	0	2	8	0	6	0	0	0	2	0	0	0	0	0	6	0	2	0	6	0	2	2	0	0	4	0	0	10	0	10	0	2	12	10	4	8	0	0	0	0	28	546	2156	3268	98	16	364	1144	40	98	26	42	26	54	90	98	18	38	20	1070	42	32	0	4	0	708	0	8	0	0	18	0	6	10	78	62	64	50	84	70	54	620	134	498	766	148	138	218	234	34	70	172	12	22	488	304	20	1126	172	278	494	370	200	1472	1328	98	30	336	3040	52	358	108	216	608	34	0	8	572	56	748	16	484	208	26	506	632	680	0	52	84	38	88	386	21246964
cfdna_sample_id_29	3053248	1802972	1804544	1788960	1266140	1197980	1098508	1071742	1057258	1031592	706806	3220468	878154	458624	474636	2663474	2449550	2372500	2261062	2038654	1945014	1524400	390	977420	102774	970	980	998	1728	5064	730	100	1324	1298	1492	1440	450	208	1764	2208	12	0	48	114	4	82	28	0	6	6	24	0	14	0	164	10	0	0	14	22	0	0	8	6	2	22	0	0	0	0	0	0	6	0	2	20	2	4	2	0	0	2	6	2	4	0	4	0	16	0	20	2	2	20	0	0	4	4	0	0	2	26	1102	7080	5462	164	28	380	1302	68	190	48	96	52	124	160	204	26	140	110	1524	60	40	2	8	2	1174	0	26	0	0	74	0	0	44	196	90	86	88	134	136	70	636	86	466	1414	166	532	238	318	134	62	388	44	42	942	458	16	390	342	336	932	948	248	3596	2558	308	142	806	4010	202	636	912	382	1120	88	102	56	824	1510	1118	32	952	276	58	840	1282	1716	0	176	116	48	176	770	37322800
cfdna_sample_id_30	1688948	997786	992178	991274	697600	664518	606366	593972	579462	569754	383162	1782764	484192	253552	259288	1483182	1360546	1319414	1261384	1130456	1077966	844282	676	1085108	1472	454	926	356	880	2740	418	74	370	1144	856	1888	294	118	1476	3240	2	4	14	20	0	22	12	2	4	2	6	0	8	0	62	16	0	0	8	4	0	0	12	2	0	6	0	0	0	0	0	0	2	0	0	10	0	4	0	2	2	0	4	2	4	2	2	2	4	0	6	0	2	16	0	0	2	0	2	0	6	10	628	3540	2724	76	16	352	1094	44	106	14	42	36	48	110	102	18	54	48	946	38	30	0	2	2	758	0	4	0	4	18	0	2	16	70	282	76	30	76	96	32	578	98	528	654	146	174	174	146	44	56	168	10	28	444	232	6	996	240	302	318	6	130	844	860	94	56	276	1380	60	390	408	180	446	20	0	34	346	258	1116	10	464	146	12	504	616	750	0	92	96	46	80	384	21151806
cfdna_sample_id_31	1247658	736662	730600	721458	497306	484884	452736	445128	447968	410746	305438	1292066	367750	187344	205162	1067152	959566	945804	906192	824040	779652	618536	820	392762	40762	412	490	468	518	2034	334	34	170	286	434	624	192	68	970	1750	6	8	24	10	6	16	18	2	10	0	10	20	8	2	80	10	0	0	2	2	0	0	0	2	2	6	0	0	0	0	0	0	2	0	0	0	0	8	2	2	0	0	2	4	2	0	8	0	4	0	10	4	0	0	6	0	8	4	2	0	2	2	474	1858	2050	86	6	140	370	22	74	22	24	24	36	68	62	10	30	32	566	22	34	4	2	4	452	0	0	0	4	14	4	2	8	54	0	62	56	52	48	24	432	76	14	530	24	148	228	116	96	52	134	4	10	308	184	16	428	148	64	216	8	90	624	946	88	12	230	736	38	310	304	172	436	14	48	22	284	204	1044	12	350	66	26	350	446	454	0	58	66	52	34	232	15095076
cfdna_sample_id_32	4025902	2381410	2376404	2364646	1676346	1578166	1450014	1388182	1388510	1357652	910056	4262150	1155252	614528	624904	3523504	3253916	3133908	3003030	2697864	2563382	2002660	3492	1294588	135538	1230	2676	2022	1598	6218	1170	124	902	2642	1084	1944	524	422	2314	3084	18	6	48	72	4	74	28	0	6	0	24	4	8	2	268	14	0	0	28	40	0	0	18	2	2	16	2	0	0	0	0	0	0	0	2	10	2	0	2	6	0	0	12	2	0	4	8	4	12	0	20	2	4	40	34	12	12	2	4	4	4	52	1540	7272	6880	250	26	554	1440	96	290	56	134	92	186	234	290	38	176	150	2160	94	58	2	8	6	1828	0	8	0	2	86	2	6	60	226	264	164	124	232	154	98	1320	202	1212	1658	324	634	510	480	156	146	406	64	62	1268	692	42	3102	760	882	1382	362	258	3286	2812	310	174	808	1866	264	1012	1098	494	1556	44	118	36	966	618	1806	48	1950	384	38	1284	1758	2112	0	262	178	56	138	1080	49262660
cfdna_sample_id_33	886582	526910	523434	522296	367396	351086	322908	315208	312148	299332	206342	934216	254194	133972	137570	779850	711034	693058	659532	594928	563480	445526	342	568318	852	312	464	406	472	1718	262	36	274	702	548	910	158	48	694	1070	0	4	12	14	0	6	2	0	2	0	8	10	6	0	72	12	0	0	2	18	0	0	2	4	0	0	0	0	0	0	0	0	0	0	0	2	0	2	0	6	0	0	2	0	0	0	2	0	4	0	2	0	0	6	2	0	4	2	0	0	0	16	288	1390	1474	58	8	156	404	20	32	14	20	22	26	58	52	12	18	18	466	24	6	0	4	0	308	0	6	0	0	16	0	4	20	50	182	42	30	44	42	18	320	36	260	432	66	110	86	108	40	44	96	2	22	276	156	4	588	128	152	196	130	102	708	626	62	22	182	558	40	240	40	130	374	14	0	16	430	394	244	4	348	60	2	372	338	476	0	42	42	20	36	168	11133486
cfdna_sample_id_34	2808768	1649724	1646430	1649818	1190452	1105948	1008928	943558	945700	951266	620032	2994066	783690	426644	420524	2483930	2323154	2217876	2125910	1896656	1794598	1404934	12308	1841692	3278	1022	1308	1290	1168	4020	748	86	372	1210	1308	2094	336	220	2394	2422	16	2	28	34	8	48	22	2	12	2	16	48	36	6	280	20	0	0	16	38	0	0	16	8	4	22	4	0	0	0	0	0	0	0	0	2	4	6	2	18	2	2	0	4	0	8	12	2	6	0	28	6	4	24	4	0	10	8	0	6	0	26	1122	4298	4816	152	16	498	1288	82	158	44	70	48	146	184	174	32	92	42	1610	68	40	0	4	0	940	0	6	0	18	50	0	8	42	130	96	172	100	140	168	78	850	160	372	1084	188	386	292	394	198	64	210	40	66	734	410	10	1702	302	278	526	36	188	2276	2142	228	78	764	1018	102	764	614	328	998	82	2	50	750	950	1346	92	830	186	36	788	1022	1212	0	96	126	54	132	642	35313884
cfdna_sample_id_35	4428600	2602628	2599618	2610720	1928018	1764124	1580274	1462882	1470574	1516980	961610	4747842	1220190	679856	638134	3968500	3760228	3549626	3389524	3012372	2855512	2213306	2910	1464364	152216	1464	2076	1842	1474	6184	1200	12	956	2038	2768	3894	576	336	3828	3946	12	28	66	124	12	62	44	2	14	8	22	24	32	2	248	54	0	0	26	64	0	0	32	20	4	20	2	0	0	0	0	0	4	0	0	8	2	2	2	6	0	6	2	0	2	2	10	0	14	6	34	6	4	44	4	0	12	16	0	2	4	66	1520	7286	7080	286	12	622	1654	152	296	44	96	96	250	288	300	40	134	64	2576	86	82	4	8	8	1536	2	22	0	16	42	0	16	50	170	0	204	160	222	158	80	1356	264	722	1998	298	254	372	578	158	212	364	28	48	932	646	18	2896	550	484	412	182	354	1802	3294	338	44	1198	1258	152	1172	186	432	1572	144	108	74	1490	1226	1710	56	1750	330	16	1546	1396	2438	0	160	300	100	318	942	54678722
cfdna_sample_id_36	2928272	1722656	1736432	1739470	1293736	1172766	1037054	957442	937156	1021392	599988	3180010	805702	453030	407634	2665844	2531950	2387736	2263906	2014936	1924140	1479204	1354	990046	104698	956	1552	630	1160	4120	766	10	238	1270	1446	3064	524	332	2396	2848	12	4	28	26	4	82	8	0	6	2	14	32	10	0	124	14	0	0	6	34	0	0	6	12	0	14	0	0	0	0	0	0	4	0	2	12	2	10	6	8	0	2	6	2	2	0	8	0	8	0	30	0	4	28	12	2	14	2	6	2	0	20	1178	3644	5440	190	12	168	596	46	200	28	110	68	164	166	232	36	116	62	1852	106	48	4	4	0	1280	0	16	0	6	52	2	8	64	174	250	170	122	172	150	64	1016	190	488	1450	220	394	316	336	112	100	244	40	56	1076	448	16	1392	272	236	1062	10	126	2110	2132	210	60	474	3146	116	862	102	310	942	144	86	76	1108	740	1878	48	1158	188	12	942	1656	1648	0	132	88	58	114	768	36426404
cfdna_sample_id_37	3409328	2003236	2012198	2024162	1458144	1352724	1225150	1142598	1151148	1157762	770790	3640808	950278	521642	502276	3043124	2851252	2720938	2594316	2321596	2192976	1706480	3442	1133406	118602	1022	1242	1524	1174	4366	874	82	370	1388	850	1926	584	306	2852	4554	10	6	42	56	12	56	22	2	4	8	6	34	14	0	296	22	0	0	14	20	0	0	18	12	2	20	0	0	0	0	0	0	0	0	2	10	6	10	4	6	0	0	10	0	6	0	12	0	14	2	40	2	0	16	24	4	24	16	2	2	2	78	1264	5044	5806	210	28	194	598	84	226	30	72	62	196	196	254	38	94	84	1976	68	80	6	10	0	1380	0	24	0	8	50	4	20	28	152	4	180	178	184	230	116	1186	256	460	1448	182	264	314	266	216	196	264	38	78	900	532	30	1050	388	374	758	196	422	2630	2520	240	120	466	2236	142	926	1614	300	1108	98	32	70	818	122	1398	28	950	330	4	1048	1296	1794	0	180	212	84	272	716	42083208
cfdna_sample_id_38	2712000	1596214	1606352	1619094	1205556	1087738	969606	892608	880952	941654	568988	2943090	739808	423694	380464	2464250	2358512	2205682	2106564	1868842	1774748	1362148	1014	1825510	3958	910	1986	1534	1146	3614	818	82	388	1876	696	1830	498	232	1794	1908	26	8	26	42	8	44	20	0	2	6	8	34	32	4	208	22	2	0	16	42	0	0	12	16	4	10	0	0	0	0	0	0	2	0	0	4	4	10	6	10	0	0	4	0	8	2	26	0	14	0	18	2	8	22	6	0	4	2	2	0	0	22	972	5422	4946	172	8	410	886	74	174	44	78	34	126	172	214	38	120	76	1560	70	60	0	6	2	1086	2	8	0	14	40	0	12	40	138	68	156	98	118	164	44	912	164	866	1160	330	274	332	236	74	46	210	32	46	1028	486	12	2626	638	448	874	640	326	2358	1922	204	80	716	1956	86	794	236	322	942	80	4	50	736	876	1534	10	1136	270	36	890	1434	1606	0	126	98	40	162	642	34607884
cfdna_sample_id_39	3157454	1870442	1876458	1843558	1311902	1236140	1145488	1096368	1088044	1067524	723982	3337534	909228	481290	488090	2763516	2550386	2472750	2350338	2118980	2020016	1580032	952	1024222	109158	1112	1312	1524	1112	5066	982	94	482	1530	1870	3028	624	256	2810	1838	30	12	34	36	6	60	32	2	16	8	40	22	14	0	196	14	0	0	4	12	0	0	6	16	2	2	0	0	0	0	0	0	0	0	2	16	2	10	0	12	0	4	2	4	0	4	10	2	10	2	30	10	14	28	26	4	24	12	2	4	0	18	1270	5494	6218	186	22	148	438	90	228	60	134	78	166	212	266	50	170	74	2170	84	34	2	18	2	1128	0	14	0	10	66	0	32	50	186	4	180	158	198	148	82	1104	198	530	1650	162	390	364	410	248	54	422	30	42	962	498	16	1540	358	376	1002	238	236	958	2218	222	38	728	1430	120	874	220	380	1136	130	90	86	738	1498	1776	32	1128	212	10	938	1542	1554	0	194	234	40	150	840	38698524
cfdna_sample_id_40	3271902	1943654	1954654	1965982	1471884	1310456	1174386	1064372	1030110	1158730	645870	3592146	888022	507334	437246	3017056	2899096	2701162	2570822	2272980	2177960	1661494	946	2284430	3420	1106	1726	1072	1338	4898	1026	138	840	1340	1380	1716	436	272	1686	3040	0	4	40	50	4	62	42	10	10	14	42	58	58	0	102	16	0	0	4	24	0	0	14	16	0	10	0	0	0	0	0	0	2	0	4	6	14	20	0	6	0	2	8	2	2	0	22	6	42	0	16	2	2	22	28	6	16	4	0	2	4	38	1452	5316	6282	222	32	504	1696	118	242	38	110	70	192	210	334	38	190	98	2044	96	72	2	12	6	1636	0	10	0	6	54	0	8	40	194	696	166	178	230	178	88	1088	206	522	1270	170	444	336	244	146	86	282	14	74	1300	588	10	1898	304	342	1102	572	448	2478	2112	196	68	716	3162	66	910	666	394	1068	160	0	26	948	822	1232	34	1308	408	64	1062	1750	1966	0	220	90	78	176	786	42086256
cfdna_sample_id_41	3094164	1826144	1821536	1834092	1323192	1228344	1114288	1024988	1030152	1059092	664692	3317718	861898	474726	447240	2773502	2588390	2474960	2359026	2098414	1995930	1548224	1538	2053854	2490	944	1374	1622	1132	4554	896	16	482	2026	952	3290	514	266	2776	3676	4	2	22	50	6	48	26	0	2	4	10	72	28	0	140	30	0	0	12	22	0	0	16	12	2	14	0	0	0	0	0	0	0	0	2	4	2	4	0	8	0	2	0	2	0	0	14	0	18	4	22	12	4	32	2	0	14	26	2	4	0	50	1210	4034	4874	174	10	274	740	84	178	42	82	66	126	156	234	38	108	70	1776	58	74	2	8	6	1054	0	24	0	12	40	2	18	42	122	2	162	118	146	176	68	1078	192	798	1600	312	220	300	218	126	166	260	22	46	830	480	16	1806	454	534	598	10	260	1326	2286	234	48	634	1184	64	772	1592	446	1176	80	0	68	892	768	1834	16	878	200	48	1084	1266	1666	0	142	270	68	244	636	39090522
cfdna_sample_id_42	2685516	1582488	1590944	1606358	1187126	1079940	964720	879108	869386	937732	549342	2912066	731888	419582	373156	2450280	2322322	2190684	2077646	1839532	1757020	1354472	372	901022	94648	854	1522	748	1154	3964	806	72	522	1020	874	1942	458	178	1802	3894	16	2	18	10	10	38	16	4	4	6	2	22	28	2	124	24	2	0	10	26	0	0	8	10	2	16	0	0	0	0	0	0	0	0	0	0	0	2	0	4	0	0	2	0	4	0	2	0	0	2	14	2	0	18	2	2	18	6	0	0	0	40	1102	5050	5016	160	14	428	996	88	190	38	84	60	158	202	250	42	116	74	1640	68	62	0	14	0	1128	0	20	0	4	54	2	22	36	166	146	120	94	174	130	50	858	168	396	1248	158	282	282	178	156	68	250	26	40	1024	388	12	790	320	288	932	96	278	2238	1774	184	64	466	1322	64	734	1128	338	1078	66	62	26	1190	358	1750	8	1020	184	10	928	1508	1432	0	142	112	40	86	738	33422964
cfdna_sample_id_43	3345522	1979488	1988636	2001904	1494250	1343268	1198264	1091122	1072396	1174602	673360	3647656	913840	521848	460732	3055380	2916996	2739108	2612206	2309072	2196964	1688082	722	1130426	119110	1064	1662	998	1598	5680	870	166	714	1844	1588	2608	658	476	1842	1986	28	0	56	54	0	60	40	2	2	8	32	0	18	4	240	38	0	0	22	30	0	2	22	12	0	18	0	0	0	0	0	0	2	0	2	0	2	6	0	2	0	0	8	0	8	2	0	0	20	0	32	0	4	12	12	6	14	6	2	0	2	38	1406	6764	6026	214	44	894	2304	82	226	34	126	54	200	186	212	44	136	94	2030	70	66	0	8	2	1334	0	4	0	6	46	4	10	52	188	296	232	142	226	186	86	1178	224	936	1454	334	354	290	166	110	172	406	42	38	1272	564	18	1346	244	476	998	640	220	1486	2324	212	82	786	3292	116	956	696	332	956	42	96	70	862	768	1552	16	1192	238	14	1240	1724	2250	0	176	98	52	172	876	41757768
cfdna_sample_id_44	3784010	2247342	2252774	2249668	1653602	1508624	1350630	1250838	1236498	1312450	794158	4101962	1053262	584518	535922	3427450	3236982	3072612	2917346	2598432	2473872	1910296	1514	1274128	134242	1270	2162	1744	1556	5578	1072	96	734	2648	1706	2312	676	352	2908	3288	32	2	58	70	18	86	28	2	10	8	26	62	54	6	204	28	0	0	6	18	0	0	30	14	2	22	0	0	0	0	0	0	2	0	0	6	4	10	6	4	0	4	12	2	4	2	12	0	10	4	48	2	6	32	24	2	36	14	0	2	2	10	1394	6506	6768	238	10	532	1200	106	230	68	106	92	202	262	286	38	138	80	2270	86	64	4	2	0	1494	0	20	0	16	36	0	20	58	176	0	216	110	192	216	94	1288	208	1052	2840	360	376	430	374	114	206	270	60	56	1112	620	26	2604	576	744	734	282	146	1620	2530	296	60	944	6274	130	1062	1024	314	1074	20	74	50	1052	1112	2308	36	1774	292	60	1248	1562	2114	0	168	174	90	198	946	47058694
cfdna_sample_id_45	4990060	2956926	2954748	2972510	2190324	1991442	1778576	1639310	1614184	1737672	1030990	5426096	1371908	776202	693638	4538268	4312004	4068244	3868428	3424934	3277842	2506466	1478	1689296	179462	1744	2142	1986	2294	7712	1346	164	426	708	2826	2232	756	362	3700	3428	54	10	40	40	18	48	68	2	6	24	28	60	50	4	320	46	0	0	22	68	0	2	28	16	4	28	0	0	0	2	0	0	6	0	0	10	6	8	2	4	2	2	0	2	4	6	32	0	28	4	40	14	2	44	10	0	28	20	8	8	0	20	2168	13700	10282	306	16	606	1478	152	328	72	194	100	246	436	442	100	202	172	3454	136	74	2	14	6	1926	0	30	0	6	94	2	16	66	382	32	274	242	336	314	158	1554	352	22	1872	54	222	562	308	102	294	366	46	48	1686	760	26	1438	680	218	1388	210	238	2094	3638	394	316	1054	2098	212	1316	2426	460	1610	282	130	50	1158	1404	3850	30	2158	410	72	1480	2544	3136	0	172	340	114	254	1374	62109718
cfdna_sample_id_46	4761778	2802194	2813914	2823974	2082210	1904234	1696418	1570062	1534934	1655050	972100	5140716	1305910	729226	657068	4307476	4077686	3847958	3670534	3243684	3113618	2394452	3768	1605852	171376	1676	2392	3038	1966	7362	1240	106	500	2970	1752	2868	632	396	3248	2144	6	0	54	124	0	66	36	2	6	6	28	10	26	0	258	48	0	0	16	52	0	0	28	10	4	18	0	0	0	0	0	0	2	0	0	16	6	4	2	8	0	0	6	6	8	2	36	2	20	0	18	12	4	38	14	0	34	6	0	0	0	50	1890	6842	8932	314	28	586	1470	162	262	38	148	122	204	332	374	66	206	122	2786	104	78	0	4	0	1636	0	8	0	28	94	4	28	52	240	2	278	194	330	302	126	1602	326	1256	2186	438	494	292	418	246	112	402	26	68	1724	714	18	1826	604	822	1442	302	312	2190	3028	386	186	1042	1998	104	1346	1430	366	1272	96	118	66	1220	1628	2312	2	3848	338	54	1714	2362	2530	0	278	250	122	144	1342	58995368
cfdna_sample_id_47	5073248	2986826	2979912	2966278	2111570	1991450	1812398	1703490	1707056	1704830	1106042	5370244	1420052	761854	754436	4474026	4124634	3983410	3802598	3391054	3242362	2527024	1118	3321362	4752	1652	2540	2504	1878	5946	1286	90	562	2664	1894	6102	912	390	5006	4954	40	8	64	68	16	88	44	0	4	4	18	42	44	0	122	12	0	0	12	34	0	0	22	6	2	8	0	0	0	0	0	0	2	0	0	10	4	2	2	2	4	4	2	6	4	0	10	2	10	0	50	0	20	50	8	2	24	28	2	4	0	56	1814	9098	8718	268	24	356	934	116	320	62	102	94	210	296	320	44	176	122	2608	116	148	4	12	4	2008	0	22	0	28	64	0	36	42	230	418	280	196	258	250	122	1510	282	870	1872	306	632	348	538	68	242	448	56	68	1074	804	28	3374	574	640	792	14	240	3784	3392	412	64	1020	3068	166	1244	246	504	1420	170	0	120	1364	1798	1866	6	1816	388	8	1490	1934	2166	0	210	248	62	246	1014	63436298
cfdna_sample_id_48	5113816	3033046	3042794	3068456	2285288	2066952	1839894	1657812	1625820	1809982	1010702	5583756	1391508	796860	682538	4687066	4460290	4209062	3988276	3527538	3379942	2587460	772	3499394	4682	1822	3756	1724	1994	7514	1510	272	1078	3810	1508	5030	1058	298	3720	5506	38	2	80	68	0	96	42	0	2	6	8	8	6	2	202	34	0	0	10	58	0	0	20	18	4	20	0	0	0	4	0	0	0	0	0	2	0	4	4	14	0	0	0	2	0	4	2	2	4	0	12	0	0	32	34	2	14	6	2	6	6	112	2052	8200	9452	348	16	564	1620	174	342	78	156	100	216	332	360	48	188	112	3658	138	82	2	26	0	2444	0	50	0	6	84	0	18	90	220	26	282	198	266	238	110	1742	290	1526	2720	550	712	498	492	126	164	486	16	84	1552	916	14	5148	638	802	1110	1348	592	4262	3584	350	246	1294	4404	268	1476	220	472	1398	94	0	86	1806	1246	1528	76	1696	288	72	1910	2212	2772	0	222	112	106	314	1196	65482830
cfdna_sample_id_49	5389612	3211524	3204960	3216752	2348520	2153556	1926032	1794338	1764918	1886552	1126866	5837206	1523632	833940	761992	4881068	4600684	4382730	4156710	3700002	3541088	2731064	1508	3703834	5092	1794	3600	2168	2600	8862	1716	274	574	3610	1938	4920	790	314	4612	6178	46	12	48	88	16	110	32	6	18	16	62	102	62	6	356	16	0	0	14	50	0	0	28	12	6	22	0	0	0	0	0	0	0	0	4	36	2	34	8	10	4	6	6	8	8	12	4	2	12	4	62	6	0	48	22	4	44	22	4	2	2	28	2208	7870	9658	358	36	462	1414	168	430	62	166	112	296	384	374	58	176	116	3248	136	118	2	14	2	1958	0	30	0	4	86	4	16	84	258	2	272	198	316	278	116	1828	376	1452	2232	484	676	620	478	298	250	484	66	106	1514	798	50	3128	866	972	1068	426	184	3498	3934	400	126	1572	970	138	1376	2552	598	1876	318	0	118	1684	1480	2972	4	2318	520	58	1880	2218	3126	0	254	226	104	400	1244	68815472
cfdna_sample_id_50	4808788	2851550	2856824	2864804	2092204	1921956	1718258	1591316	1564672	1673024	996618	5194744	1338618	732752	673740	4354972	4098388	3896950	3702520	3288118	3149692	2426202	1376	1620942	172402	1406	1732	2184	1916	6996	1362	244	1084	1828	716	2534	604	502	3132	6240	42	4	50	44	0	82	28	0	2	0	30	20	46	0	320	32	0	0	18	48	0	2	34	16	2	22	0	0	0	0	0	0	0	0	0	10	0	4	2	2	0	0	2	4	6	2	10	0	14	6	56	12	6	52	36	4	38	12	2	4	4	28	1850	10788	8014	266	30	1242	3228	136	310	62	140	86	248	250	412	48	180	114	2908	118	78	0	4	0	1980	0	14	0	0	84	2	18	62	234	250	182	144	286	182	108	914	184	644	996	234	554	406	414	250	164	384	72	66	1418	718	26	1290	564	452	1080	1410	442	3884	2754	306	274	1226	5202	160	1164	2242	420	1622	176	182	50	1322	794	2030	14	1746	348	48	1610	1990	2636	0	202	150	80	278	1124	59705842
cfdna_sample_id_51	4555252	2665442	2680396	2716752	1994426	1820792	1630810	1459214	1464286	1582434	898282	4936672	1233082	693720	625204	4147624	3917308	3690744	3532906	3104834	2963014	2279872	6218	1516902	161692	1434	1732	2064	1284	6068	1242	122	784	2890	1062	1988	636	256	1862	2862	14	14	28	50	8	86	22	2	2	8	18	36	86	6	312	30	0	0	18	36	0	0	30	10	2	24	0	0	0	0	0	0	0	0	2	12	0	20	2	2	0	0	8	8	6	2	14	0	20	0	42	2	12	48	20	4	22	6	6	0	2	42	1710	5676	8154	238	38	1186	3414	118	272	62	132	70	246	330	360	44	176	108	3150	100	72	2	4	8	1836	0	48	0	8	72	6	12	68	218	186	218	136	274	194	118	1504	206	1244	1724	442	706	476	436	238	112	364	20	40	1238	682	32	1076	428	688	1014	548	496	2902	2874	234	128	1132	1888	210	1260	138	390	1412	108	118	30	1182	1526	2356	12	2636	298	62	1702	1868	2348	0	200	54	68	120	1042	56376384
cfdna_sample_id_52	4701068	2778514	2783966	2801782	2082126	1876644	1668908	1521492	1508856	1637894	948922	5106630	1279190	727534	647148	4280072	4077746	3834328	3646636	3222186	3086942	2368928	510	1579728	165730	1520	2188	2150	1996	6522	1298	170	1210	3120	1836	2690	778	348	2592	6082	46	18	60	98	4	102	44	0	12	8	10	28	18	6	268	26	0	0	4	48	0	0	14	14	0	14	0	0	0	0	0	0	0	0	0	4	6	0	4	10	0	0	2	2	4	4	8	2	8	6	42	2	12	14	26	12	30	4	2	12	0	38	1862	11386	8912	258	58	1600	2614	122	356	62	180	114	254	326	340	54	210	118	2952	142	62	4	12	4	1818	0	30	0	2	80	4	12	66	302	208	298	198	300	322	106	1582	312	1382	2358	494	944	490	458	104	134	492	30	72	1696	754	18	2904	400	738	1284	624	196	3710	3248	262	186	924	5310	134	1252	220	424	1466	54	116	48	1612	1238	1536	24	2264	218	60	1394	2336	2466	0	244	162	40	280	1258	58454776
cfdna_sample_id_53	4838140	2866614	2871580	2909134	2169754	1949620	1735904	1545592	1523132	1707946	941208	5309158	1301642	751092	639576	4471818	4277484	4004192	3807598	3353152	3206496	2444560	998	1652786	174522	1546	1754	2206	1962	7608	1274	188	900	1616	1924	3938	588	510	3684	4284	32	10	96	42	14	52	26	0	12	4	20	22	12	4	340	38	0	0	22	30	0	0	34	6	2	32	0	0	0	0	0	0	0	0	4	4	2	2	2	8	0	0	0	6	6	2	2	2	16	2	28	6	10	38	2	2	18	10	6	0	0	46	2008	4768	8502	288	48	2618	6802	146	344	78	184	102	244	352	432	96	216	146	3302	122	62	2	10	4	2128	0	10	0	12	132	2	30	74	340	1654	186	134	284	198	98	1740	248	1274	1208	534	460	508	342	238	146	558	74	88	1688	770	28	878	256	624	1782	336	792	3730	3162	200	128	1142	2162	236	1498	842	568	1644	92	156	118	1580	1238	1668	14	2808	396	14	1824	2542	2694	0	272	114	56	234	1242	60571858
cfdna_sample_id_54	5169732	3033114	3043360	3082948	2262072	2063186	1840982	1674286	1662414	1790052	1054714	5596478	1402464	793912	709948	4692866	4438978	4188480	3999898	3524706	3366710	2594790	902	1728264	181206	1594	3206	1686	2524	7218	1500	226	986	1892	1988	5414	1150	336	4332	2546	18	4	44	46	6	66	44	0	0	4	16	48	34	10	338	40	0	0	24	42	0	0	36	16	0	48	0	0	0	0	0	0	0	0	2	14	6	14	4	4	0	2	2	6	8	0	14	0	24	0	22	4	2	50	30	14	30	10	2	0	0	50	2030	4804	8698	350	50	910	2820	92	340	70	130	114	260	382	382	78	186	102	3506	126	84	0	22	4	2232	0	48	0	20	68	2	44	74	236	1164	318	186	290	220	110	1592	332	828	2152	356	476	498	544	250	160	436	66	78	1442	864	20	2790	378	568	928	696	272	4060	2842	214	94	1260	8222	194	1394	744	504	1564	168	208	102	1660	1900	2976	36	2624	440	52	1824	2140	2972	0	190	188	134	188	1140	64020570
cfdna_sample_id_55	4798524	2836062	2858094	2895254	2175572	1939100	1716758	1545548	1500784	1706942	926438	5272042	1289836	746340	633304	4447696	4270318	3971156	3788906	3324356	3185332	2427808	1334	1653682	174086	1518	2456	1162	2304	7446	1294	214	538	2772	2264	3094	1024	298	2672	3496	34	2	46	92	4	104	30	6	16	42	30	2	4	6	276	32	0	0	14	38	0	0	26	10	0	16	4	0	0	0	2	0	0	0	0	2	10	8	0	2	0	0	6	2	2	2	20	2	14	2	48	4	4	38	40	10	44	2	0	2	2	60	1880	10420	8106	306	60	622	1898	106	318	62	134	110	272	240	338	70	248	158	2852	128	84	0	8	2	1792	0	24	0	14	74	4	8	84	286	466	296	184	304	260	102	1610	324	1312	2060	522	638	470	414	184	132	412	62	54	1794	800	18	1842	538	794	1778	538	506	3826	3124	342	176	1264	8916	192	1408	1284	572	1564	180	166	76	1738	718	1992	58	2060	298	28	1772	2596	2820	0	314	168	126	228	1230	60207344
cfdna_sample_id_56	5033622	2952458	2976334	2986534	2226916	2007790	1786244	1642428	1591972	1753842	1004032	5449406	1363836	772802	681126	4557928	4363058	4096712	3886278	3433170	3295950	2520628	1162	1701116	178402	1592	3070	2200	1906	8520	1362	134	728	3376	1080	1328	652	332	2568	4438	28	0	28	78	6	50	38	0	4	12	14	2	10	4	296	34	0	0	8	36	0	2	24	22	0	28	0	0	0	0	0	0	0	0	0	10	4	4	4	2	0	4	24	6	4	6	14	4	10	0	84	12	0	48	16	4	34	4	0	2	6	86	2156	7684	9844	336	24	428	1324	126	350	68	210	122	272	330	402	56	230	162	3186	106	84	0	10	6	1770	0	30	0	20	120	6	18	102	396	188	200	182	282	230	108	1828	238	1444	2000	508	628	524	384	244	196	388	56	68	1810	824	6	3352	636	880	1858	20	410	1808	3136	334	198	1498	2478	176	1498	338	424	1628	236	180	34	1532	1176	2684	60	2878	448	6	1840	2606	2722	0	366	164	98	272	1356	62379792
cfdna_sample_id_57	6148148	3631078	3641240	3670656	2720138	2465988	2184124	2007382	1975294	2143370	1266042	6678910	1677108	964906	853026	5607824	5318470	5031852	4768248	4229552	4037390	3082872	1212	2078336	219026	1884	2180	2274	1894	6766	1766	16	342	4000	2252	4934	632	518	4458	6046	34	0	66	84	0	114	64	18	16	32	48	20	32	2	282	48	2	2	18	58	0	0	40	34	2	36	0	0	0	0	0	0	0	0	2	6	2	4	0	6	0	4	0	4	6	4	0	2	14	0	114	10	0	52	20	4	24	28	8	10	0	78	2412	10278	11696	432	24	1036	2624	170	406	92	250	156	322	410	524	94	340	148	3678	138	88	8	12	6	2382	0	30	0	10	136	8	40	96	418	802	438	254	410	354	164	1926	434	1770	2702	574	486	594	488	162	306	572	56	66	2596	940	16	1040	688	884	2128	706	334	2706	4594	408	254	1360	1892	310	1862	1532	850	2416	216	130	118	1680	2066	2908	64	2402	316	114	2090	3556	3122	0	500	382	174	190	1640	76543814
cfdna_sample_id_58	4449916	2625602	2656518	2680786	2016848	1791326	1567816	1444260	1410350	1571002	905996	4891698	1209842	699054	597326	4112852	3954352	3691898	3512534	3108540	2964218	2241540	1416	1524822	159688	1306	1700	1028	1852	6970	1484	142	956	2660	1838	3360	704	258	2774	3676	32	4	88	92	0	112	78	2	10	28	22	20	18	2	392	18	0	0	6	30	0	0	34	24	4	18	2	0	0	2	0	0	0	0	0	2	2	4	0	8	0	2	0	0	4	0	8	2	2	0	28	6	2	34	28	16	32	22	0	32	4	84	2420	7720	11570	360	56	504	2142	170	418	30	242	142	346	426	610	88	294	232	4514	128	114	2	12	14	2348	0	62	0	8	88	2	6	40	400	1158	496	178	490	464	156	1452	232	1282	2748	486	496	422	374	76	348	574	32	84	1746	754	20	814	434	632	1516	16	282	3522	2952	346	182	1028	2980	204	1332	1174	486	1936	200	144	108	1242	670	1748	28	1774	318	72	1460	2560	2670	0	304	204	64	358	1786	55907390
cfdna_sample_id_59	4909394	2905934	2907572	2926762	2152662	1964018	1770142	1597590	1594432	1705854	1008070	5323152	1352796	752260	688402	4453298	4223230	3986948	3801938	3366788	3218682	2475994	4524	1644944	173174	1528	1784	2362	1892	6422	1242	96	290	3092	2000	6972	608	402	4782	4822	46	10	72	74	10	72	48	0	4	14	18	56	40	6	154	36	0	0	18	64	0	0	36	6	2	16	2	0	0	0	0	0	2	0	0	8	10	18	0	12	0	4	4	6	6	6	14	2	16	2	58	6	28	66	12	4	34	30	4	2	0	70	1854	8170	9090	424	24	1016	2074	164	336	74	156	114	268	328	352	80	178	120	3264	94	66	0	16	0	1782	0	42	0	8	86	6	16	80	278	196	186	166	250	158	92	1594	316	1256	2220	474	204	676	384	98	280	402	44	72	1364	728	22	1640	630	810	990	16	496	366	3782	402	96	1696	2708	222	1380	2570	512	1546	34	106	178	1618	1808	3730	56	1832	322	22	1628	2142	2414	0	216	216	104	268	1082	61027462
cfdna_sample_id_60	4817240	2850982	2871358	2896928	2169100	1946008	1716624	1548942	1513702	1709448	945620	5297982	1308404	748238	647166	4449446	4268852	3989276	3789406	3347080	3211514	2449202	1402	1654924	172854	1712	1722	1970	1626	6980	1440	234	476	2856	2630	2038	842	360	3098	1876	22	10	60	110	4	74	26	6	18	24	78	28	42	2	274	78	0	0	50	162	0	2	14	10	0	22	0	0	0	0	0	0	0	0	2	14	2	4	2	2	0	6	0	0	6	0	12	2	32	4	54	4	4	40	4	2	28	6	0	2	4	56	1910	6322	8344	288	24	724	1902	148	284	58	156	90	246	288	370	66	222	126	2816	92	82	0	26	4	1658	0	32	0	8	70	6	26	66	296	136	230	180	230	172	130	1596	282	1336	1864	452	310	534	290	46	294	356	46	70	1302	766	14	2026	534	832	940	292	306	1808	2924	280	60	1404	2060	94	1424	1180	436	1312	140	120	40	1214	2742	2392	68	1592	280	14	1742	2196	2338	0	180	120	58	206	1150	60424856
cfdna_sample_id_61	5680408	3338630	3350842	3349456	2481284	2263080	2029346	1855264	1873520	1953120	1185904	6100366	1552826	873144	810484	5108608	4849510	4552336	4348698	3844512	3670180	2840716	26440	1880188	197458	1832	2786	2106	2418	8026	1448	120	1098	3914	1294	2552	952	510	2922	4420	18	18	98	116	10	138	28	6	12	14	30	60	40	0	246	38	0	0	20	46	2	0	22	10	0	32	0	0	0	0	0	0	0	0	0	4	4	2	4	8	0	4	18	2	0	0	10	2	2	0	62	18	2	56	8	0	32	2	0	0	0	38	1960	8674	9578	378	54	2066	5932	118	306	88	114	108	288	378	420	52	170	138	3158	132	104	2	14	4	1936	0	16	0	10	68	4	14	78	246	286	240	226	318	290	112	1930	342	1628	2318	534	628	626	586	336	194	570	18	60	1696	874	22	3350	406	966	1170	316	508	2322	4028	512	228	1288	3734	288	1508	1390	526	2002	150	130	82	1314	1212	3056	54	2190	326	76	1902	2396	2854	0	200	204	62	164	1218	70146574
cfdna_sample_id_62	2126260	1257450	1272804	1268358	942304	850754	758416	705566	684660	742474	444562	2319524	587606	331210	297070	1940432	1855972	1741362	1649686	1467458	1409420	1073568	776	729382	77410	802	1044	964	872	3456	518	60	390	974	896	2016	266	154	1672	1522	14	2	16	20	2	34	22	0	2	4	12	14	14	0	160	10	0	0	8	22	0	0	14	6	8	14	0	0	0	0	0	0	2	2	0	12	4	2	2	4	2	0	6	0	2	0	10	0	6	2	20	2	2	0	14	2	10	6	4	8	2	46	924	3946	4016	118	8	96	306	68	170	28	78	54	120	112	204	26	106	46	1328	52	52	0	16	0	802	0	4	0	10	36	0	14	44	138	252	104	102	120	122	66	682	140	312	866	116	116	216	118	56	78	128	12	22	714	332	12	978	344	252	720	4	148	904	1374	184	98	438	812	82	604	688	210	574	98	50	44	520	1028	1274	36	608	164	32	694	1170	1192	0	128	112	32	136	578	26584578
cfdna_sample_id_63	2721362	1603746	1608208	1616010	1191344	1083372	966628	895308	877034	949596	562248	2944246	751964	422914	379346	2466498	2346276	2218510	2096896	1871346	1785620	1363172	1332	921318	95956	846	1048	792	1182	4090	816	14	384	2182	1272	1336	618	148	2122	1936	12	2	42	30	2	54	18	2	2	6	12	20	14	0	302	18	0	2	8	22	0	0	20	8	4	16	0	0	0	0	0	0	2	0	0	4	0	2	0	4	0	0	2	0	2	0	0	0	10	0	28	0	2	24	8	0	20	14	2	6	0	52	986	3180	5164	172	16	200	474	66	148	38	82	58	118	190	224	50	80	86	1838	56	56	0	6	0	1198	0	14	0	14	46	4	8	46	162	0	162	108	146	218	82	1464	274	1148	856	368	258	344	354	194	144	238	4	24	1014	364	14	688	262	558	830	148	186	2176	1668	186	36	542	1334	86	750	710	256	830	164	54	28	992	642	1034	52	992	224	26	904	1384	1378	0	196	152	56	172	616	33802704
cfdna_sample_id_64	2731526	1605256	1613710	1610852	1153610	1082664	986016	922248	924028	924846	604788	2912896	768040	413472	400434	2429422	2266204	2175256	2071408	1846878	1755142	1363322	1016	1813918	2370	750	878	988	916	3690	718	108	264	1242	1044	2000	608	254	2286	2724	10	8	22	32	8	28	20	0	4	6	4	30	22	0	224	14	0	0	8	12	0	0	12	2	4	8	0	0	0	0	0	0	4	0	4	2	2	14	0	6	0	2	4	0	2	0	4	4	4	0	28	10	2	26	14	0	22	26	4	2	0	48	1080	4106	4806	170	18	152	486	86	168	36	92	56	152	184	184	20	104	50	1722	84	74	4	4	0	1158	0	8	0	14	48	2	14	22	144	0	168	146	144	136	64	940	212	382	984	154	324	288	340	174	168	234	26	62	656	414	14	504	368	286	482	14	488	1238	1994	240	24	554	2242	74	726	790	248	782	54	0	36	752	746	1104	32	884	200	52	956	1100	1332	0	112	116	70	104	692	34439178
cfdna_sample_id_65	2476850	1470820	1467180	1468110	1056598	983166	899262	849362	835816	855058	544070	2643790	704802	382298	369288	2202292	2052374	1969132	1873610	1683820	1601856	1249570	638	812386	86394	834	1286	1098	1164	4120	662	112	184	1692	622	1788	618	180	1772	3362	18	4	26	46	6	42	32	0	4	4	6	22	10	0	180	20	0	0	6	28	0	0	14	6	2	6	0	0	0	0	0	0	2	0	0	4	0	10	0	10	0	0	2	0	8	4	6	0	10	6	22	2	4	22	4	4	24	2	4	2	2	20	916	4410	4586	142	10	150	444	76	168	32	80	66	122	152	166	44	112	90	1536	68	48	0	6	2	1120	0	8	0	4	48	8	4	42	168	48	130	132	104	110	70	850	138	668	1132	210	340	252	268	136	84	314	16	46	770	392	16	1408	244	394	812	174	334	2074	1620	182	80	788	1546	74	532	632	338	1070	114	104	28	774	858	986	30	762	160	30	638	1164	1120	0	186	120	24	150	618	30599914
cfdna_sample_id_66	3897484	2300532	2293810	2295350	1650498	1548942	1398546	1308372	1311146	1322840	848946	4157898	1088444	594978	579564	3459276	3239840	3088224	2942842	2629428	2499514	1955528	1144	1268144	131936	1316	1956	2472	1218	5846	1082	6	978	2608	1260	3618	808	354	3530	4548	18	12	58	40	8	86	42	0	0	2	18	60	44	4	240	20	0	0	12	32	0	0	30	8	2	8	0	0	0	2	0	0	4	0	0	12	0	4	2	2	0	2	0	6	14	2	0	4	2	2	36	6	0	36	12	2	14	48	6	2	0	78	1458	7016	6290	250	22	418	1118	98	238	62	108	94	168	222	214	60	152	98	2216	80	58	4	2	0	1466	0	22	0	18	48	0	12	60	194	120	246	162	152	168	68	1320	250	1114	1664	336	434	518	810	328	164	404	44	56	1118	572	22	3104	464	748	838	146	242	202	2656	304	66	982	1458	240	1130	996	512	1458	100	96	68	1424	1094	1556	6	1438	230	86	1092	1498	1942	0	156	256	124	254	964	47906134
cfdna_sample_id_67	3948528	2328000	2336324	2330442	1714050	1571090	1408720	1312264	1288054	1361528	836042	4257748	1094228	610336	567488	3557054	3364340	3190370	3019764	2706220	2571846	1985176	2164	1319200	139640	1334	2012	754	1644	5648	1184	112	534	2396	3240	3210	880	336	3256	1744	34	6	38	40	2	50	42	0	4	6	26	40	26	2	250	26	0	0	6	12	0	0	26	12	2	24	4	0	0	0	0	0	4	0	2	4	0	4	4	4	0	0	0	2	2	6	2	0	14	0	60	8	4	14	10	2	12	12	0	12	2	32	1580	9150	7978	226	26	394	1070	98	232	66	122	80	204	292	306	70	182	70	2530	116	52	4	8	6	1428	2	24	0	22	82	6	24	62	246	2	204	170	230	252	72	1328	236	1190	1904	416	348	536	486	164	222	306	30	56	1380	598	22	1796	396	646	1180	8	200	270	2786	288	88	1016	5750	110	1072	1086	392	1238	94	120	66	1368	1520	2362	40	1402	276	66	1176	2042	2420	0	318	170	80	124	964	48919634
